Hàng,Thứ tự,Dạng Layout,URL,Tiêu đề,Grid Size,Ghi chú
1,0,1_full,https://www.sermitsiaq.ag/samfund/mette-frederiksen-det-er-en-alvorlig-situation/2334931,Mette Frederiksen: Det er en alvorlig situation,12,
2,2000,2_articles,https://www.sermitsiaq.ag/kultur/fra-lille-ide-til-landsdaekkende-vintertradition/2334390,Fra lille idé til landsdækkende vintertradition,6,
2,2001,2_articles,https://www.sermitsiaq.ag/samfund/hun-vil-have-bornenes-stemmer-frem-i-debatten/2322918,Hun vil have børnenes stemmer frem i debatten,6,
3,4000,1_full,https://www.sermitsiaq.ag/samfund/mette-frederiksen-vinkede-til-angunnguaq/2326415,Regeringsledere på besøg i børnehave,12,
4,6000,3_articles,https://www.sermitsiaq.ag/samfund/udvalgsmedlem-haber-pa-bedre-og-mere-respektfuld-dialog-med-usa/2334718,Udvalgsmedlem håber på bedre og mere respektfuld dialog med USA,4,
4,6001,3_articles,https://www.sermitsiaq.ag/samfund/mette-frederiksen-lander-i-nuuk-i-dag/2334524,Mette Frederiksen i Nuuk: Vil vise opbakning til den grønlandske befolkning,4,
4,6002,3_articles,https://www.sermitsiaq.ag/sport/klar-til-vm-i-ironman-igen/2329640,Klar til VM i Ironman igen,4,
5,7000,1_with_list_right,https://www.sermitsiaq.ag/samfund/naalakkersuisut-nato-har-ikke-handlet-bag-gronlands-ryg/2334129,Naalakkersuisut: NATO har ikke handlet bag Grønlands ryg,6,
6,8000,2_articles,https://www.sermitsiaq.ag/samfund/soldater-i-gaderne-i-nuuk/2333100,Soldater i gaderne i Nuuk,6,
6,8001,2_articles,https://www.sermitsiaq.ag/samfund/boassen-til-maga-fest-gronlandskage-med-usa-flag/2334019,Boassen til MAGA-fest: Grønlandskage med USA-flag,6,
7,10000,1_full,https://www.sermitsiaq.ag/erhverv/fra-udenrigsminister-til-lobbyist-for-kontroversielt-rastofselskab/2333498,Fra udenrigsminister til lobbyist for kontroversielt råstofselskab,12,
8,12000,2_articles,https://www.sermitsiaq.ag/samfund/trump-om-gronland-aftale-skal-kunne-gore-hvad-vi-vil/2333985,Trump om Grønland-aftale: Skal kunne gøre hvad vi vil,6,
8,12001,2_articles,https://www.sermitsiaq.ag/erhverv/lokalviden-ved-kvotetildelinger-under-fokus/2329470,Lokalviden ved kvotetildelinger under fokus,6,
9,14000,slider,,NYHEDER,6,Slider với 10 articles
9,,slider_item,https://www.sermitsiaq.ag/kultur/fra-lille-ide-til-landsdaekkende-vintertradition/2334390,Fra lille idé til landsdækkende vintertradition,,Article trong slider
9,,slider_item,https://www.sermitsiaq.ag/samfund/hun-vil-have-bornenes-stemmer-frem-i-debatten/2322918,Hun vil have børnenes stemmer frem i debatten,,Article trong slider
9,,slider_item,https://www.sermitsiaq.ag/samfund/mette-frederiksen-det-er-en-alvorlig-situation/2334931,Mette Frederiksen: Det er en alvorlig situation,,Article trong slider
9,,slider_item,https://www.sermitsiaq.ag/sport/klar-til-vm-i-ironman-igen/2329640,Klar til VM i Ironman igen,,Article trong slider
9,,slider_item,https://www.sermitsiaq.ag/samfund/udvalgsmedlem-haber-pa-bedre-og-mere-respektfuld-dialog-med-usa/2334718,Udvalgsmedlem håber på bedre og mere respektfuld dialog med USA,,Article trong slider
9,,slider_item,https://www.sermitsiaq.ag/samfund/soldater-i-gaderne-i-nuuk/2333100,Soldater i gaderne i Nuuk,,Article trong slider
9,,slider_item,https://www.sermitsiaq.ag/samfund/boassen-til-maga-fest-gronlandskage-med-usa-flag/2334019,Boassen til MAGA-fest: Grønlandskage med USA-flag,,Article trong slider
9,,slider_item,https://www.sermitsiaq.ag/samfund/mette-frederiksen-i-nuuk-vil-vise-opbakning-til-den-gronlandske-befolkning/2334524,Mette Frederiksen i Nuuk: Vil vise opbakning til den grønlandske befolkning,,Article trong slider
9,,slider_item,https://www.sermitsiaq.ag/erhverv/fra-udenrigsminister-til-lobbyist-for-kontroversielt-rastofselskab/2333498,Fra udenrigsminister til lobbyist for kontroversielt råstofselskab,,Article trong slider
9,,slider_item,https://www.sermitsiaq.ag/samfund/inatsisartut-holder-ekstraordinaer-modedag-rigets-tilstand-pa-dagsordenen/2334193,Inatsisartut holder ekstraordinær mødedag: “Rigets tilstand” på dagsordenen,,Article trong slider
10,16000,1_with_list_left,https://www.sermitsiaq.ag/samfund/mette-f-der-er-ikke-blevet-forhandlet-om-suveraenitet/2333851,Mette F: Der er ikke blevet forhandlet om suverænitet,6,
11,17000,3_articles,https://www.sermitsiaq.ag/samfund/atassut-rigsfaellesskabet-er-det-staerkeste-vaern-lige-nu/2333335,Atassut: Rigsfællesskabet er det stærkeste værn lige nu,4,
11,17001,3_articles,https://www.sermitsiaq.ag/samfund/oprustning-i-arktis-tjener-ikke-gronlands-sikkerhed/2333982,– Oprustning i Arktis tjener ikke Grønlands sikkerhed,4,
11,17002,3_articles,https://www.sermitsiaq.ag/samfund/inatsisartut-holder-ekstraordinaer-modedag-rigets-tilstand-pa-dagsordenen/2334193,Inatsisartut holder ekstraordinær mødedag: “Rigets tilstand” på dagsordenen,4,
12,18000,2_articles,https://www.sermitsiaq.ag/samfund/jens-frederik-pa-nyt-pressemode-vi-vaelger-kongeriget-eu-og-nato/2334142,Jens-Frederik på nyt pressemøde: Svært når man hører trusler hver nat,6,
12,18001,2_articles,https://www.sermitsiaq.ag/samfund/lektor-undrer-sig-over-trump-udtalelser-golden-dome-planer-er-i-hoj-grad-science-fiction/2333878,Lektor undrer sig over Trump-udtalelser: Golden Dome-planer er i høj grad science fiction,6,
13,19000,job_slider,,Se alle jobs,6,Slider với 10 articles
13,,job_slider_item,https://www.sjob.gl/job-dk/faglaerer-okonomi/2334900,Faglærer Økonomi,,Article trong slider
13,,job_slider_item,https://www.sjob.gl/job-dk/ressourceperson-til-atuarfik-inussuk/2334878,Ressourceperson til Atuarfik Inussuk,,Article trong slider
13,,job_slider_item,https://www.sjob.gl/job-dk/tikiusaaq-soger-en-paedagog/2334860,Tikiusaaq søger en pædagog,,Article trong slider
13,,job_slider_item,https://www.sjob.gl/job-dk/kti-jern-og-metalskolen-i-nuuk-soger-en-vaerksteds-assistent-/-skole-praktik-instruktor/2334844,KTI Jern og Metalskolen i Nuuk søger en Værksteds assistent / Skole praktik instruktør,,Article trong slider
13,,job_slider_item,https://www.sjob.gl/job-dk/daginstitution-tikiusaaq-soger-stottepersoner/2334824,Daginstitution Tikiusaaq søger støttepersoner,,Article trong slider
13,,job_slider_item,https://www.sjob.gl/job-dk/atuarfik-inussuk-soger-stottepersoner/2334803,Atuarfik Inussuk søger støttepersoner,,Article trong slider
13,,job_slider_item,https://www.sjob.gl/job-dk/socialradgiver-til-heldagsskolen/2334787,Socialrådgiver til Heldagsskolen,,Article trong slider
13,,job_slider_item,https://www.sjob.gl/job-dk/heldagsskolen-soger-stottepersoner/2334771,Heldagsskolen søger støttepersoner,,Article trong slider
13,,job_slider_item,https://www.sjob.gl/job-dk/heldagsskolen-soger-kaffedame/2334746,Heldagsskolen søger kaffedame,,Article trong slider
13,,job_slider_item,https://www.sjob.gl/job-dk/atuarfik-inussuk-soger-stottepersoner/2334730,Atuarfik Inussuk søger støttepersoner,,Article trong slider
14,20000,2_articles,https://www.sermitsiaq.ag/samfund/demokraatit-fremrykket-inatsisartut-mode-skal-samle-politisk-kurs-i-alvorlig-tid/2333761,Demokraatit: Fremrykket Inatsisartut-møde skal samle politisk kurs i alvorlig tid,6,
14,20001,2_articles,https://www.sermitsiaq.ag/samfund/fik-inspirationen-til-onlinekiosk-fra-tid-i-taxabranchen/2328735,Fik inspirationen til onlinekiosk fra tid i taxabranchen,6,
15,21000,1_with_list_right,https://www.sermitsiaq.ag/erhverv/for-tidligt-at-sige-om-trumps-toldregime-vil-stoppe-royal-greenlands-usa-eksport/2333365,-	For tidligt at sige om Trumps toldregime vil stoppe Royal Greenlands USA-eksport,6,
16,22000,1_full,https://www.sermitsiaq.ag/samfund/jens-frederik-nielsen-holder-pressemode-klokken-14/2334038,Jens-Frederik Nielsen holder pressemøde klokken 14,12,
17,24000,3_articles,https://www.sermitsiaq.ag/samfund/aaja-chemnitz-vi-er-et-godt-sted-men-i-en-meget-intens-periode-som-fortsaetter-lidt-endnu/2333957,"Aaja Chemnitz: Vi er et godt sted, men i en meget intens periode som fortsætter lidt endnu",4,
17,24001,3_articles,https://www.sermitsiaq.ag/kultur/to-timers-ro-sangerinde-reparerede-flossede-nerver/2333348,To timers ro - sangerinde reparerede flossede nerver,4,
17,24002,3_articles,https://www.sermitsiaq.ag/erhverv/ingen-forsyningsskibe-til-isfrie-omrader/2329535,Ingen forsyningsskibe til isfrie områder,4,
18,25000,2_articles,https://www.sermitsiaq.ag/samfund/soldater-vil-traene-i-at-beskytte-gronland-hele-aret/2332205,Soldater vil træne i at beskytte Grønland hele året,6,
18,25001,2_articles,https://www.sermitsiaq.ag/samfund/trump-provokerer-alfred/2331557,Trump provokerer Alfred,6,
19,26000,2_articles,https://www.sermitsiaq.ag/samfund/trump-ramme-for-aftale-om-gronland-er-pa-plads/2333798,Trump: Ramme for aftale om Grønland er på plads,6,
19,26001,2_articles,https://www.sermitsiaq.ag/samfund/trafikstyrelsen-vi-abner-kun-lufthavn-med-vand-nok/2330152,Trafikstyrelsen: Vi åbner kun lufthavn med vand nok,6,
20,27000,1_full,https://www.sermitsiaq.ag/samfund/prepping-tager-fart-i-nuuk-generatorer-og-vanddunke-udsolgt/2333540,Prepping tager fart i Nuuk: Generatorer og vanddunke udsolgt,12,
21,28000,2_articles,https://www.sermitsiaq.ag/samfund/naalakkersuisut-lancerer-krise-vejledning-borgerne-skal-kunne-klare-sig-i-fem-dogn/2329530,Naalakkersuisut lancerer krise-vejledning: Borgerne skal kunne klare sig i fem døgn,6,
21,28001,2_articles,https://www.sermitsiaq.ag/samfund/politiet-anmoder-borgerne-om-hjaelp-i-efterforskning-af-dodsfald/2332576,Politiet anmoder borgerne om hjælp i efterforskning af dødsfald,6,
22,29000,3_articles,https://www.sermitsiaq.ag/samfund/mash-helikoptere-gjorde-gronland-til-helikopterland/2329436,MASH-helikoptere gjorde Grønland til helikopterland,4,
22,29001,3_articles,https://www.sermitsiaq.ag/samfund/pressemode-om-beredskab-folg-med-her/2333648,Pressemøde om beredskab: Gør dig klar på fem døgn,4,
22,29002,3_articles,https://www.sermitsiaq.ag/samfund/trump-taler-snart-i-davos/2333599,Trump taler i Davos: Vil have forhandlinger om Grønland - Hvem vil forsvare en leasingaftale,4,
23,30000,2_articles,https://www.sermitsiaq.ag/samfund/usas-finansminister-drager-parallel-med-de-vestindiske-oer-vores-allierede-ma-forsta-at-gronland-skal-vaere-en-del-af-usa/2333560,"USA's finansminister drager parallel med De Vestindiske Øer: – Vores allierede må forstå, at Grønland skal være en del af USA",6,
23,30001,2_articles,https://www.sermitsiaq.ag/inuiaqatigiit/arbejdstilsynet-gav-pabud-til-greenland-airports-efter-besog-i-nuuk/2328481,Arbejdstilsynet gav påbud til Greenland Airports efter besøg i Nuuk,6,
24,31000,2_articles,https://www.sermitsiaq.ag/sport/futsal-landshold-deltager-i-international-turnering-i-kroatien/2329948,Futsal-landshold deltager i international turnering i Kroatien,6,
24,31001,2_articles,https://www.sermitsiaq.ag/samfund/franske-alpe-jaegere-i-nuuk/2332962,Franske alpe-jægere i Nuuk,6,
25,32000,2_articles,https://www.sermitsiaq.ag/samfund/medie-boassen-til-fejring-af-trump/2326415,Medie: Boassen til fejring af Trump,6,
25,32001,2_articles,https://www.sermitsiaq.ag/samfund/trump-afviser-igen-at-svare-pa-hvor-langt-han-vil-ga-i-gronland/2333384,Trump afviser igen at svare på hvor langt han vil gå i Grønland,6,
26,33000,2_articles,https://www.sermitsiaq.ag/samfund/kristian-jeremiassen-om-tilbagetraekningen-af-tilbuddet-til-jeff-landry-jeg-er-skuffet/2333071,Kristian Jeremiassen om tilbagetrækningen af tilbuddet til Jeff Landry: – Jeg er skuffet,6,
26,33001,2_articles,https://www.sermitsiaq.ag/sport/slettemark-soskende-udtaget-til-ol/2332639,Slettemark søskende udtaget til OL,6,
27,34000,2_articles,https://www.sermitsiaq.ag/samfund/se-billeder-fra-den-rorende-modtagelse/2333263,Se billeder fra den rørende modtagelse,7,
27,34001,2_articles,https://www.sermitsiaq.ag/samfund/vivian-far-varm-modtagelse-efter-usa-rejse/2333166,Vivian får varm modtagelse efter USA-rejse,5,
28,35000,3_articles,https://www.sermitsiaq.ag/samfund/heilmann-familien-demonstrerede-for-gronlands-fremtid-nu-kan-vi-se-hvor-staerke-vi-er/2332046,"Heilmann-familien demonstrerede for Grønlands fremtid: – Nu kan vi se, hvor stærke vi er",4,
28,35001,3_articles,https://www.sermitsiaq.ag/samfund/statsminister-jeg-kommer-ikke-til-at-lade-gronland-i-stikken/2333160,Statsminister: Jeg kommer ikke til at lade Grønland i stikken,4,
28,35002,3_articles,https://www.sermitsiaq.ag/samfund/pressemode-ikke-sandsynligt-med-brug-af-militaer-magt-men-vi-skal-vaere-forberedte/2332996,"Pressemøde: Ikke sandsynligt med brug af militær magt, men vi skal være forberedte",4,
29,36000,2_articles,https://www.sermitsiaq.ag/samfund/partiformaend-vil-fremrykke-inatsisartut-skal-drofte-gronlands-situation-og-finde-faelles-kurs/2332814,Partiformænd vil fremrykke Inatsisartut: Skal drøfte Grønlands situation og finde fælles kurs,6,
29,36001,2_articles,https://www.sermitsiaq.ag/samfund/von-der-leyen-gronland-er-ikke-til-forhandling/2332915,Von der Leyen i forsvar for Grønland på topmøde: Territoriet er ikke til forhandling,6,
30,37000,2_articles,https://www.sermitsiaq.ag/erhverv/gronland-slipper-for-trumps-straftold-i-hvert-fald-i-forste-omgang/2332738,Grønland slipper for Trumps straftold – i hvert fald i første omgang,6,
30,37001,2_articles,https://www.sermitsiaq.ag/samfund/trump-vil-tale-om-kob-af-gronland-pa-topmode-og-deler-ai-billede-af-usas-flag-plantet-i-gronland/2332853,Trump vil tale om køb af Grønland på topmøde - deler AI-billede af USA's flag plantet i Grønland,6,
31,38000,2_articles,https://www.sermitsiaq.ag/samfund/jens-frederik-efter-nye-trusler-vi-lader-os-ikke-presse/2332442,Jens-Frederik efter nye trusler: Vi lader os ikke presse,6,
31,38001,2_articles,https://www.sermitsiaq.ag/samfund/vivian-efter-nato-mode-vi-har-diskuteret-sikkerhed-i-arktis/2332777,Vivian efter NATO-møde: Vi har diskuteret sikkerhed i Arktis,6,
32,39000,1_full,https://www.sermitsiaq.ag/samfund/hvem-beskytter-de-anbragte-born/2325868,Hvem beskytter de anbragte børn?,12,
33,40000,3_articles,https://www.sermitsiaq.ag/samfund/senator-murkowski-med-klar-appel-dette-er-vigtigere-end-partifarve-der-er-for-meget-pa-spil/2331862,Senator med opråb: Dette er vigtigere end partifarve - der er for meget på spil,4,
33,40001,3_articles,https://www.sermitsiaq.ag/samfund/troels-og-vivian-modes-med-nato-top-nato-skal-gore-mere-i-arktis/2326415,Varslingssystem udrulles i Grønland,4,
33,40002,3_articles,https://www.sermitsiaq.ag/erhverv/kuannersuit-selskab-hyrer-magtfuld-lobbyvirksomhed-med-taette-band-til-trump-administrationen/2332376,Kuannersuit-selskab hyrer magtfuld lobbyvirksomhed med tætte bånd til Trump-administrationen,4,
34,41000,1_full,https://www.sermitsiaq.ag/samfund/trump-fylder-ikke-kun-i-nuuk-vi-sad-klistrede-til-skaermen/2330866,Trump fylder ikke kun i Nuuk: – Vi sad klistrede til skærmen,12,
35,42000,2_articles,https://www.sermitsiaq.ag/samfund/amerikanere-skeptiske-overfor-trumps-gronlands-planer-for-mig-er-det-her-pinligt/2331249,Amerikanere skeptiske overfor Trumps Grønlands-planer: - For mig er det her pinligt,6,
35,42001,2_articles,https://www.sermitsiaq.ag/samfund/kort-nyt-ingen-overvejelser-om-boykot-af-usa-fra-gif/2329001,Kort Nyt: Ingen overvejelser om boykot af USA fra GIF,6,
36,43000,2_articles,https://www.sermitsiaq.ag/samfund/slettemark-soskende-indstilles-til-ol-deltagelse/2332525,Slettemark-søskende indstilles til OL-deltagelse,6,
36,43001,2_articles,https://www.sermitsiaq.ag/samfund/nuummiut-gar-pa-gaden-for-at-kaempe-for-gronland/2331847,Nuummiut går på gaden for at kæmpe for Grønland,6,
37,44000,2_articles,https://www.sermitsiaq.ag/samfund/soldater-og-haerchef-flyver-til-gronland-efter-trump-trusler/2332472,Soldater og hærchef flyver til Grønland efter Trump-trusler,6,
37,44001,2_articles,https://www.sermitsiaq.ag/erhverv/gronlandsudvalget-inviteret-til-avannaata-qimussersua/2329146,Grønlandsudvalget inviteret til Avannaata Qimussersua,6,
38,45000,1_full,https://www.sermitsiaq.ag/samfund/knqk-invitation-til-jeff-landry-er-trukket-tilbage/2332231,KNQK: Invitation til Jeff Landry er trukket tilbage,12,
39,46000,2_articles,https://www.sermitsiaq.ag/samfund/trump-om-overtagelse-af-gronland-nu-bor-nato-gore-noget-for-usa/2332265,Trump om overtagelse af Grønland: Nu bør Nato gøre noget for USA,6,
39,46001,2_articles,https://www.sermitsiaq.ag/samfund/morten-er-begyndt-at-preppe-for-hvad-nu-hvis-ilaa/2330166,"Morten er begyndt at ’preppe’: - For hvad nu hvis, ilaa?",6,
40,47000,1_full,https://www.sermitsiaq.ag/erhverv/royal-greenland-vil-investere-en-halv-milliard/2329587,Royal Greenland vil investere en halv milliard,12,
41,48000,1_full,https://www.sermitsiaq.ag/samfund/se-billeder-demonstration-i-nuuk/2331982,Se billeder: Demonstration i Nuuk,12,
42,49000,2_articles,https://www.sermitsiaq.ag/samfund/midlertidigt-militaert-omrade-oprettet-i-qinngorput/2332032,Midlertidigt militært område oprettet i Qinngorput,6,
42,49001,2_articles,https://www.sermitsiaq.ag/samfund/erik-jensen-jeg-er-mere-beroliget-efter-modet-med-kongres-medlemmerne/2331513,Erik Jensen: Jeg er mere beroliget efter mødet med kongres-medlemmerne,6,
43,50000,3_articles,https://www.sermitsiaq.ag/samfund/har-vi-glemt-det-storste-problem/2328246,Har vi glemt det største problem?,4,
43,50001,3_articles,https://www.sermitsiaq.ag/samfund/mand-sigtes-for-forsog-pa-manddrab-i-aasiaat/2332041,Mand sigtes for forsøg på manddrab i Aasiaat,4,
43,50002,3_articles,https://www.sermitsiaq.ag/samfund/klumme-den-skrupellose-bandeleder/2328883,Den skrupelløse bandeleder,4,
44,51000,2_articles,https://www.sermitsiaq.ag/samfund/trump-vil-laegge-told-pa-danmark-pa-grund-af-gronland/2331902,Trump vil lægge told på Danmark på grund af Grønland,6,
44,51001,2_articles,https://www.sermitsiaq.ag/samfund/eu-ambassadorer-er-indkaldt-til-hastemode-om-gronland/2331962,EU-ambassadører er indkaldt til hastemøde om Grønland,6,
45,52000,2_articles,https://www.sermitsiaq.ag/samfund/trumps-saerlige-udsending-vil-besoge-gronland-i-marts/2331321,"Trumps særlige udsending vil til hundeslædevæddeløb– mener der bør indgås en aftale",6,
45,52001,2_articles,https://www.sermitsiaq.ag/samfund/ud-i-morket-med-gule-jakker-bolsjer-og-kondomer/2322958,"Ud i mørket med gule jakker, bolsjer og kondomer",6,
46,53000,2_articles,https://www.sermitsiaq.ag/samfund/undga-at-blive-en-del-af-usa/2329630,Undgå at blive en del af USA,5,
46,53001,2_articles,https://www.sermitsiaq.ag/sport/en-anforer-med-hjerte-og-rodder/2330663,En anfører med hjerte og rødder,7,
47,54000,2_articles,https://www.sermitsiaq.ag/samfund/amerikansk-delegation-har-laert-om-gronland-under-besog-i-danmark/2331794,Amerikansk delegation har lært om Grønland under besøg i Danmark,6,
47,54001,2_articles,https://www.sermitsiaq.ag/samfund/ekspert-om-amerikansk-delegation-de-kan-ikke-pavirke-trump/2331374,Ekspert om amerikansk delegation: De kan ikke påvirke Trump,6,
48,55000,3_articles,https://www.sermitsiaq.ag/samfund/stadig-fejl-pa-tuukkaq-erstatningsfly-sat-ind-fredag/2331009,Stadig fejl på Tuukkaq – erstatningsfly sat ind fredag,4,
48,55001,3_articles,https://www.sermitsiaq.ag/samfund/kristian-jeremiassen-vil-ikke-bekraefte-om-jeff-landry-har-taget-imod-tilbud/2331497,Kristian Jeremiassen vil ikke bekræfte om Jeff Landry har taget imod tilbud,4,
48,55002,3_articles,https://www.sermitsiaq.ag/samfund/danske-kampfly-traener-i-gronland-under-oget-aktivitet/2331768,Danske kampfly træner i Grønland under øget aktivitet,4,
49,56000,1_full,https://www.sermitsiaq.ag/samfund/troels-lund-usa-angreb-mod-gronland-er-fuldstaendig-hypotetisk/2330262,Troels Lund: USA-angreb mod Grønland er fuldstændig hypotetisk,12,
50,57000,3_articles,https://www.sermitsiaq.ag/samfund/danmark-inviterer-usa-til-at-deltage-i-militaerovelser-i-gronland/2331728,Danmark inviterer USA til at deltage i militærøvelser i Grønland,4,
50,57001,3_articles,https://www.sermitsiaq.ag/samfund/trump-truer-med-told-i-forbindelse-med-gronland/2331560,Trump truer med told i forbindelse med Grønland,4,
50,57002,3_articles,https://www.sermitsiaq.ag/kultur/siiva-fleischer-udgiver-en-sang-vi-er-meget-bekymrede-over-usas-pres-pa-vores-land/2331296,Siiva Fleischer udgiver en sang: – Vi er meget bekymrede over USA’s pres på vores land,4,
51,58000,2_articles,https://www.sermitsiaq.ag/samfund/pressemode-om-amerikansk-delegations-besog-i-danmark/2331441,Pressemøde om amerikansk delegations besøg i Danmark,6,
51,58001,2_articles,https://www.sermitsiaq.ag/samfund/demonstrationer-spreder-sig/2331394,Demonstrationer spreder sig,6,
52,59000,2_articles,https://www.sermitsiaq.ag/samfund/trump-nato-bor-bane-vej-for-usas-overtagelse-gronland/2329876,Trump: Nato bør bane vej for USA's overtagelse af Grønland,6,
52,59001,2_articles,https://www.sermitsiaq.ag/erhverv/trump-saetter-igen-gang-i-forretningen/2328783,Trump sætter igen gang i forretningen,6,
53,60000,3_articles,https://www.sermitsiaq.ag/samfund/tekniske-problemer-skaber-forsinkelser-i-ostgronland/2331313,Tekniske problemer skaber forsinkelser i Østgrønland,4,
53,60001,3_articles,https://www.sermitsiaq.ag/samfund/trump-kom-139-ar-for-sent-til-gronland/2328593,Trump kom 139 år for sent til Grønland,4,
53,60002,3_articles,https://www.sermitsiaq.ag/samfund/ung-anholdt-for-roveri-i-maniitsoq/2331266,Ung anholdt for røveri i Maniitsoq,4,
54,61000,1_full,https://www.sermitsiaq.ag/samfund/vivian-motzfeldt-har-fortalt-senatorer-om-gronlaendernes-skraekscenarie/2331130,Vivian Motzfeldt har fortalt senatorer om grønlændernes skrækscenarie,12,
55,62000,2_articles,https://www.sermitsiaq.ag/samfund/medie-jd-vance-deltager-pa-mode-med-danmark-og-gronland/2329163,J.D. Vance deltager på møde med Danmark og Grønland,6,
55,62001,2_articles,https://www.sermitsiaq.ag/erhverv/udenlandske-journalister-skaber-nyt-marked/2329217,Udenlandske journalister skaber nyt marked,6,
56,63000,1_full,https://www.sermitsiaq.ag/inuiaqatigiit/selvstyret-overtager-ansvar-for-flagregler/2329900,Selvstyret overtager ansvar for flagregler,12,
57,64000,2_articles,https://www.sermitsiaq.ag/samfund/jeg-frygter-at-historien-gentager-sig-bare-pa-et-nyt-sprog/2328634,"– Jeg frygter, at historien gentager sig, bare på et nyt sprog",6,
57,64001,2_articles,https://www.sermitsiaq.ag/samfund/demonstrationer-mod-usa/2329207,Demonstrationer mod USA,6,
58,65000,1_full,https://www.sermitsiaq.ag/samfund/statsminister-fortsat-fundamental-uenighed-om-gronland-efter-mode/2326415,Jens-Frederik Nielsen mødes også med amerikanske politikere,12,
59,66000,2_articles,https://www.sermitsiaq.ag/samfund/jens-frederik-nielsen-taler-til-nytarskur-i-danmark/2330883,Jens-Frederik Nielsen taler til nytårskur i Danmark,6,
59,66001,2_articles,https://www.sermitsiaq.ag/samfund/hercules-fly-landede-i-nuuk-onsdag/2330773,Hercules fly landede i Nuuk onsdag,6,
60,67000,1_full,https://www.sermitsiaq.ag/samfund/traehus-i-brand-efter-vaeltet-stearinlys/2330645,Træhus i brand efter væltet stearinlys,12,
61,68000,3_articles,https://www.sermitsiaq.ag/samfund/jens-frederik-nielsen-takker-vivian-motzfeldt-arbejdsgruppe-er-vigtigt-skridt/2330682,Jens-Frederik Nielsen takker Vivian Motzfeldt: Arbejdsgruppe er vigtigt skridt,4,
61,68001,3_articles,https://www.sermitsiaq.ag/samfund/fortrostningsfuldt-og-habefuldt-at-der-kommer-dialog-vi-ma-se-om-der-kan-findes-losning-pa-bekymring/2330624,Fortrøstningsfuldt og håbefuldt at der kommer dialog – vi må se om der kan findes løsning på bekymring,4,
61,68002,3_articles,https://www.sermitsiaq.ag/samfund/se-billederne-kom-med-bag-kulisserne-ved-historisk-mode/2330481,Se billederne: Kom med bag kulisserne ved historisk møde,4,
62,69000,2_articles,https://www.sermitsiaq.ag/samfund/demonstration-i-nuuk-mod-usas-planer/2330522,Demonstration i Nuuk mod USA's planer om annektering,6,
62,69001,2_articles,https://www.sermitsiaq.ag/samfund/kalaallit-lad-os-hejse-vores-flag-pa-vores-fjelde/2330349,"– Kalaallit, lad os hejse vores flag på vores fjelde!",6,
63,70000,1_full,https://www.sermitsiaq.ag/samfund/to-maend-tiltalt-for-forsog-pa-manddrab/2329490,To mænd tiltalt for forsøg på manddrab,12,
64,71000,2_articles,https://www.sermitsiaq.ag/samfund/torsdagens-atlantflyvning-er-aflyst/2330541,Torsdagens atlantflyvning er aflyst,6,
64,71001,2_articles,https://www.sermitsiaq.ag/samfund/vivian-motzfeldt-efter-modet-vi-har-fastslaet-at-usa-skal-respektere-landegraenser/2330372,Vivian Motzfeldt efter mødet: Vi har fastslået at USA skal respektere landegrænser,6,
65,72000,2_articles,https://www.sermitsiaq.ag/samfund/trump-fastholder-onske-om-gronland/2330441,Trump fastholder ønske om Grønland,6,
65,72001,2_articles,https://www.sermitsiaq.ag/samfund/flere-lande-sender-forsvarspersonale-til-gronland/2330461,Flere lande sender forsvarspersonale til Grønland,6,
66,73000,2_articles,https://www.sermitsiaq.ag/samfund/pressemode-om-modet-i-usa/2330300,Motzfeldt og Løkke: Vi er fortsat uenige med USA,6,
66,73001,2_articles,https://www.sermitsiaq.ag/samfund/mute-b-egede-holder-pressemode-i-nuuk/2330382,Múte B. Egede: Vi har igangsat dialogen,6,
67,74000,1_full,https://www.sermitsiaq.ag/samfund/se-billeder-flager-for-solidaritet-og-sammenhold/2329979,Se billeder: Flager for solidaritet og sammenhold,12,
68,75000,3_articles,https://www.sermitsiaq.ag/samfund/forsker-det-her-skal-man-holde-oje-med-under-pressemode-efter-modet/2330060,Forsker: Det her skal man holde øje med under pressemøde efter mødet,4,
68,75001,3_articles,https://www.sermitsiaq.ag/samfund/frankrig-saetter-dato-pa-abning-af-konsulat-i-nuuk/2329666,Frankrig sætter dato på åbning af konsulat i Nuuk,4,
68,75002,3_articles,https://www.sermitsiaq.ag/samfund/en-sejr-i-selv-vil-vaere-at-der-kommer-nyt-mode/2329940,"– En sejr vil være, at der kommer et nyt møde",4,
69,76000,1_full,https://www.sermitsiaq.ag/samfund/jukku-hejser-erfalasorput-pa-ukkusissat-i-frustration-over-den-politiske-situation/2330051,Jukku hejser Erfalasorput på Ukkusissat i frustration over den politiske situation,12,
70,77000,2_articles,https://www.sermitsiaq.ag/samfund/jens-frederik-nielsen-og-mette-f-holder-pressemode/2329251,"Pressemøde: – Vi vælger det Grønland, vi kender i dag, siger Jens-Frederik Nielsen",6,
70,77001,2_articles,https://www.sermitsiaq.ag/samfund/det-danske-forsvar-sender-forkommando-til-nuuk/2329812,Naalakkersuisut bekræfter: Forsvaret vil sende forstærkninger til Grønland,6,
71,78000,1_full,https://www.sermitsiaq.ag/samfund/vi-gambler-ikke-med-vores-ret-til-selvbestemmelse/2329657,Vi gambler ikke med vores ret til selvbestemmelse,12,
72,79000,2_articles,https://www.sermitsiaq.ag/samfund/trump-efter-jens-frederik-udmelding-det-bliver-et-stort-problem-for-ham/2329610,Trump efter Jens-Frederik-udmelding: Det bliver et stort problem for ham,6,
72,79001,2_articles,https://www.sermitsiaq.ag/samfund/prins-joachim-byder-vivian-motzfeldt-velkommen-i-washington-dc/2329647,Prins Joachim byder Vivian Motzfeldt velkommen i Washington D.C.,6,
73,80000,1_full,https://www.sermitsiaq.ag/samfund/trumps-arktis-kommissaer-handling-i-gronland-kan-ske-inden-for-kort-tid/2329579,Trumps Arktis-kommissær: Handling i Grønland kan ske inden for kort tid,12,
74,81000,1_full,https://www.sermitsiaq.ag/erhverv/direktor-i-ge-geopolitisk-usikkerhed-pavirker-virksomhederne-og-investeringsmiljoet/2328803,Direktør i GE: Geopolitisk usikkerhed påvirker virksomhederne og investeringsmiljøet,12,
75,82000,2_articles,https://www.sermitsiaq.ag/sport/jakob-larsen-ansat-som-landstraener-for-kvindelandsholdet/2325648,Jakob Larsen ansat som landstræner for kvindelandsholdet,6,
75,82001,2_articles,https://www.sermitsiaq.ag/samfund/det-er-indre-utilfredshed-der-gor-at-man-vil-have-mere/2328667,"– Det er indre utilfredshed, der gør, at man vil have mere",6,
76,83000,1_full,https://www.sermitsiaq.ag/samfund/forsker-gronland-sender-tydeligt-signal-til-usa-ved-at-vaelge-danmark/2329553,Forsker: Grønland sender tydeligt signal til USA ved at vælge Danmark,12,
77,84000,2_articles,https://www.sermitsiaq.ag/samfund/folketinget-kan-holde-sikre-videomoder-med-gronland-og-faeroerne/2329337,Folketinget kan holde sikre videomøder med Grønland og Færøerne,6,
77,84001,2_articles,https://www.sermitsiaq.ag/samfund/aaja-chemnitz-efter-upn-mode-der-er-behov-for-beredskab/2329248,Aaja Chemnitz efter UPN-møde: Der er behov for beredskab,6,
78,85000,3_articles,https://www.sermitsiaq.ag/samfund/arktis-rundt/2326357,Arktis Rundt,4,
78,85001,3_articles,https://www.sermitsiaq.ag/samfund/nivi-olsen-overtager-mads-pedersens-tidligere-ressort-omrader/2329069,Nivi Olsen overtager Mads Pedersens tidligere ressort-områder,4,
78,85002,3_articles,https://www.sermitsiaq.ag/samfund/olsvig-de-store-magter-har-faet-ojnene-op-for-arktis-vi-ma-insistere-pa-diplomatiets-vej/2327796,Olsvig: De store magter har fået øjnene op for Arktis – vi må insistere på diplomatiets vej,4,
79,86000,1_full,https://www.sermitsiaq.ag/samfund/udvalgsformand-er-fortrostningsfuld-haber-at-usa-mode-er-starten-pa-taettere-dialog/2329198,Udvalgsformand er fortrøstningsfuld: Håber at USA-møde er starten på tættere dialog,12,
80,87000,2_articles,https://www.sermitsiaq.ag/samfund/amerikanske-politikere-gar-i-offensiven-for-gronland/2329076,Amerikanske politikere går i offensiven for Grønland,6,
80,87001,2_articles,https://www.sermitsiaq.ag/samfund/usas-udsending-til-gronland-er-blevet-inviteret-til-hundeslaedevaeddelob-helt-upassende-siger-knqk/2329032,"USA's udsending til Grønland er blevet inviteret til hundeslædevæddeløb - helt upassende, siger KNQK",6,
81,88000,1_full,https://www.sermitsiaq.ag/samfund/det-hvide-hus-deler-billeder-med-kort-over-gronland/2329042,Det Hvide Hus deler billeder med kort over Grønland,12,
82,89000,2_articles,https://www.sermitsiaq.ag/erhverv/naturinstitut-hvaler-er-ikke-skraemt-vaek-af-stoj/2328033,Naturinstitut: Hvaler er ikke skræmt væk af støj,5,
82,89001,2_articles,https://www.sermitsiaq.ag/samfund/naalakkersuisut-fastslar-gronland-er-en-del-af-kongeriget-danmark-onsker-forsvar-via-nato/2328844,Naalakkersuisut fastslår: Grønland er en del af Kongeriget Danmark – ønsker forsvar via Nato,7,
83,90000,2_articles,https://www.sermitsiaq.ag/samfund/iran-er-klar-pa-bade-krig-og-forhandlinger-efter-advarsel-fra-trump/2328985,Iran er klar på både krig og forhandlinger efter advarsel fra Trump,6,
83,90001,2_articles,https://www.sermitsiaq.ag/samfund/medalje-for-heltedad/2327705,Medalje for heltedåd,6,
84,91000,2_articles,https://www.sermitsiaq.ag/samfund/efter-ulmende-uenighed-folketingspolitiker-kommer-med-bon-til-gronland/2328725,Efter ulmende uenighed: Folketingspolitiker kommer med bøn til Grønland,6,
84,91001,2_articles,https://www.sermitsiaq.ag/samfund/uenighed-med-danmark-og-tvetydige-udmeldinger-bekraefter-amerikanernes-vaerste-anelser/2328527,Uenighed med Danmark og tvetydige udmeldinger bekræfter amerikanernes værste anelser,6,
85,92000,2_articles,https://www.sermitsiaq.ag/samfund/du-kunne-laere-meget-af-den-inuitiske-spiritualitet/2327470,– Du kunne lære meget af den inuitiske spiritualitet,6,
85,92001,2_articles,https://www.sermitsiaq.ag/erhverv/royal-greenland-ansaetter-ny-produktionsdirektor/2328647,Royal Greenland ansætter ny produktionsdirektør,6,
86,93000,2_articles,https://www.sermitsiaq.ag/samfund/trump-gronland-bor-indga-en-aftale/2328511,Trump: Grønland bør indgå en aftale,6,
86,93001,2_articles,https://www.sermitsiaq.ag/samfund/avannaata-kommunia-og-greenland-airports-er-uenige-om-vandregning/2328445,Avannaata Kommunia og Greenland Airports er uenige om vandregning,6,
87,94000,1_full,https://www.sermitsiaq.ag/samfund/senatorer-fra-usa-kommer-til-danmark-midt-i-gronland-krise/2328484,Senatorer fra USA kommer til Danmark midt i Grønland-krise,12,
88,95000,2_articles,https://www.sermitsiaq.ag/samfund/okonomisk-ulighed-kan-ikke-vurderes-ud-fra-regnskaber-alene/2326226,Økonomisk ulighed kan ikke vurderes ud fra regnskaber alene,6,
88,95001,2_articles,https://www.sermitsiaq.ag/kultur/lokale-ildsjaele-haedres-aerespriser-i-sisimiut-maniitsoq-og-napasoq/2326723,"Lokale ildsjæle hædres: Ærespriser i Sisimiut, Maniitsoq og Napasoq",6,
89,96000,2_articles,https://www.sermitsiaq.ag/samfund/aaja-chemnitz-der-er-stadig-opgaver-der-skal-loses-pa-forsvarsomradet/2324317,"Aaja Chemnitz: Der er stadig opgaver, der skal løses på forsvarsområdet",6,
89,96001,2_articles,https://www.sermitsiaq.ag/samfund/aleqa-hammond-om-21-kommissionen-siumut-satser-pa-forfatningsudkastet/2327237,Aleqa Hammond om § 21-kommissionen: Siumut satser på forfatningsudkastet,6,
90,97000,2_articles,https://www.sermitsiaq.ag/erhverv/sikuaq-trawl-direktor-carl-christensen-de-ma-grine-af-os-gronlaendere-i-island-og-pa-faeroerne/2326673,Sikuaq Trawl-direktør Carl Christensen: De må grine af os grønlændere i Island og på Færøerne,6,
90,97001,2_articles,https://www.sermitsiaq.ag/samfund/for-i-tiden-var-natten-delt-i-to-men-samfundet-aendrede-vores-tidsfornemmelse/2327048,"Før i tiden var natten delt i to, men samfundet ændrede vores tidsfornemmelse",6,
91,98000,2_articles,https://www.sermitsiaq.ag/sport/herrelandsholdet-og-fokusholdet-abner-2026-med-kamp-om-pladserne-i-paris/2326217,Herrelandsholdet og fokusholdet åbner 2026 med kamp om pladserne i Paris,6,
91,98001,2_articles,https://www.sermitsiaq.ag/samfund/fire-artiers-engagement-debora-fejret-ved-nanortallip-atuarfia/2326736,Fire årtiers engagement: Debora fejret ved Nanortallip Atuarfia,6,
92,99000,1_full,https://www.sermitsiaq.ag/kultur/et-levende-jagtlandskab-mellem-is-hav-og-unesco/2324631,"Et levende jagtlandskab – mellem is, hav og UNESCO",12,
93,100000,2_articles,https://www.sermitsiaq.ag/samfund/kobstilbud-kan-vaere-pa-vej-til-trods-for-massiv-afvisning/2327475,Købstilbud kan være på vej til trods for massiv afvisning,6,
93,100001,2_articles,https://www.sermitsiaq.ag/samfund/fire-ud-af-ti-danskere-tror-at-trump-vil-invadere/2328369,"Fire ud af ti danskere tror, at Trump vil invadere",6,
94,101000,2_articles,https://www.sermitsiaq.ag/samfund/trump-vil-eje-gronland-for-at-afskraekke-kina-og-rusland-vil-have-en-aftale-pa-den-nemme-eller-harde-made/2328337,Trump: USA skal eje Grønland for afskrækkelse – vil have en aftale på den nemme eller hårde måde,5,
94,101001,2_articles,https://www.sermitsiaq.ag/sport/fra-langrend-til-ledelse-en-passion-for-idraet/2325620,Fra langrend til ledelse – en passion for idræt,7,
95,102000,2_articles,https://www.sermitsiaq.ag/samfund/samtlige-partier-i-faelles-udtalelse-ingen-andre-lande-skal-blande-sig/2328312,Samtlige partier i fælles udtalelse: Ingen andre lande skal blande sig,6,
95,102001,2_articles,https://www.sermitsiaq.ag/samfund/amerikansk-forslag-til-resolution-om-forbud-mod-brug-af-militaer-aktion-mod-gronland/2328212,Senator introducerer forslag til resolution om forbud mod brug af militær mod Grønland,6,
96,103000,2_articles,https://www.sermitsiaq.ag/samfund/kort-nyt/2326154,Kort Nyt,6,
96,103001,2_articles,https://www.sermitsiaq.ag/samfund/vi-skal-sikre-at-vi-kan-blive-boende-i-gronland/2326922,"– Vi skal sikre, at vi kan blive boende i Grønland",6,
97,104000,2_articles,https://www.sermitsiaq.ag/erhverv/olympisk-fiskeri-efter-torsk-og-hellefisk-kan-fortsaette-med-2025-licenser/2327976,Olympisk fiskeri efter torsk og hellefisk kan fortsætte med 2025-licenser,6,
97,104001,2_articles,https://www.sermitsiaq.ag/samfund/man-taenker-hvad-er-det-naeste/2327447,"– Man tænker, hvad er det næste?",6,
98,105000,2_articles,https://www.sermitsiaq.ag/samfund/17-arig-pige-overfaldet-flere-unge-anholdt/2328036,17-årig pige overfaldet – flere unge anholdt,6,
98,105001,2_articles,https://www.sermitsiaq.ag/samfund/atypisk-vejrhold-for-arstiden/2326452,Atypiske vejrforhold for årstiden,6,
99,106000,1_full,https://www.sermitsiaq.ag/samfund/stille-protest-foran-ambassaden-i-kobenhavn/2327911,Ludvig Hammeken udførte stille protest foran USA's ambassade,12,
100,107000,2_articles,https://www.sermitsiaq.ag/samfund/det-her-land-er-ikke-et-tag-selv-bord/2327169,– Det her land er ikke et tag-selv-bord,6,
100,107001,2_articles,https://www.sermitsiaq.ag/samfund/minedrift-skal-bidrage-til-lokalsamfundet/2327427,Minedrift skal bidrage til lokalsamfundet,6,
101,108000,2_articles,https://www.sermitsiaq.ag/erhverv/usa-godkender-salg-af-overvagningsfly-til-danmark/2327219,USA godkender salg af overvågningsfly til Danmark,6,
101,108001,2_articles,https://www.sermitsiaq.ag/samfund/trump-ejerskab-over-gronland-er-et-psykologisk-behov/2327753,Trump: Ejerskab over Grønland giver noget en traktat ikke kan,6,
102,109000,1_full,https://www.sermitsiaq.ag/sport/en-fejring-af-faellesskab-og-fremragende-praestationer/2326935,En fejring af fællesskab og fremragende præstationer,12,
103,110000,2_articles,https://www.sermitsiaq.ag/erhverv/politisk-fokus-lofter-gronlandsbankens-aktiekurs/2327655,Politisk fokus løfter Grønlandsbankens aktiekurs,6,
103,110001,2_articles,https://www.sermitsiaq.ag/samfund/kaja-kallas-kalder-usas-udmeldinger-om-gronland-for-meget-bekymrende/2327647,Kaja Kallas kalder USA's udmeldinger om Grønland for meget bekymrende,6,
104,111000,2_articles,https://www.sermitsiaq.ag/samfund/et-ar-med-trump-fa-et-overblik-her/2327013,Få et overblik her,6,
104,111001,2_articles,https://www.sermitsiaq.ag/samfund/to-personer-stukket-med-kniv-i-nuuk/2326198,To personer stukket med kniv i Nuuk,6,
105,112000,2_articles,https://www.sermitsiaq.ag/erhverv/kommunalbestyrelse-giver-afslag-dynamisk-duo-far-nej-til-at-bygge-et-10-etagers-hotel/2325768,"Kommunalbestyrelse giver afslag:Dynamisk duo får nej til at bygge et 10-etagers hotel",5,
105,112001,2_articles,https://www.sermitsiaq.ag/samfund/kaere-trump/2327059,"– Venskab bygger på respekt, ikke på opkøb",7,
106,113000,2_articles,https://www.sermitsiaq.ag/samfund/forsker-frygter-konsekvenserne-hvis-ikke-gronland-og-danmark-enes-inden-mode-med-usa/2327532,Forsker: Det kan få alvorlige konsekvenser hvis ikke Grønland og Danmark enes inden møde med USA,6,
106,113001,2_articles,https://www.sermitsiaq.ag/samfund/medie-heftig-diskussion-pa-teams-mode-mellem-nuuk-og-kobenhavn-formand-vil-forbedre-kommunikation/2327337,Medie: Heftig diskussion på Teams-møde mellem Nuuk og København - formand vil forbedre kommunikation,6,
107,114000,1_full,https://www.sermitsiaq.ag/samfund/trump-radgiver-ingen-vil-kaempe-militaert-mod-usa-om-gronlands-fremtid/2325969,Trump-rådgiver: Ingen vil kæmpe militært mod USA om Grønlands fremtid,12,
108,115000,3_articles,https://www.sermitsiaq.ag/samfund/lettet-vivian-mit-storste-hab-er-en-normalisering/2327118,Lettet Vivian: Mit største håb er en normalisering,4,
108,115001,3_articles,https://www.sermitsiaq.ag/samfund/senatorer-i-usa-venter-at-stemme-mod-et-angreb-pa-gronland/2327209,Senatorer i USA venter at stemme mod et angreb på Grønland,4,
108,115002,3_articles,https://www.sermitsiaq.ag/samfund/pipaluk-lynge-kritiserer-folketinget-og-den-danske-regering-for-manglende-inddragelse/2326985,Pipaluk Lynge kritiserer Folketinget og den danske regering for manglende inddragelse,4,
109,116000,2_articles,https://www.sermitsiaq.ag/samfund/professor-trump-drommer-om-at-udvide-territoriet-og-gronland-er-eneste-oplagte-mulighed/2326629,Professor: Trump drømmer om at udvide territoriet og Grønland er eneste oplagte mulighed,6,
109,116001,2_articles,https://www.sermitsiaq.ag/samfund/arbejdstilsynet-far-ny-kredschef-i-gronland/2326662,Arbejdstilsynet får ny kredschef i Grønland,6,
110,117000,1_full,https://www.sermitsiaq.ag/samfund/ordre-palaegger-danske-soldater-at-svare-igen-ved-angreb-pa-gronland/2326468,Ordre pålægger danske soldater at svare igen ved angreb på Grønland,12,
